{
  "alpha": 0.1,
  "offsets_log_space": {
    "Onions": 0.04359071090051936,
    "Rice": 0.31348463386684156,
    "Tomatoes": 0.24587155489881152
  }
}