{
  "family": "step1",
  "alpha": 0.1,
  "offsets_log_space": {
    "Onions": 0.02050545991013042,
    "Rice": 0.08931307053439186,
    "Tomatoes": 0.16326256366772363
  }
}