{
  "family": "step5",
  "alpha": 0.1,
  "offsets_log_space": {
    "Onions": -0.027694607032346497,
    "Rice": 0.09783018038973434,
    "Tomatoes": 0.04317315110022024
  }
}